% of Respondents,Revenue in USD,Label
0.397435897435897,<1B,<1M
0.21505376344086,1B–10B,<1M
0.116883116883117,10B–30B,<1M
0.0300751879699248,30B+,<1M
0.397435897435897,<1B,1–5M
0.365591397849462,1B–10B,1–5M
0.324675324675325,10B–30B,1–5M
0.150375939849624,30B+,1–5M
0.128205128205128,<1B,5–10M
0.204301075268817,1B–10B,5–10M
0.220779220779221,10B–30B,5–10M
0.233082706766917,30B+,5–10M
