Model,Score
OLMo 3,0.7809999999999999
Claude Opus 4.5,0.9129999999999999
Grok-4,0.927
GPT-5 (high),0.943
Gemini 1.5 Pro,0.9570000000000001
