year,Model,Success Rate
2023,gpt-4-0613,0.149
2024,Jace.AI,0.5710000000000001
2025,ColorBrowserAgent,0.7120000000000001
2026,Deepseek v3.2,0.743
