Model,Value
Claude Sonnet 4.5,62.9
GLM-5,63.2
Gemini 3 Pro,65.8
Gemini 3 Flash,67.80000000000001
Qwen3.5-397B-A17B,68.4
GPT-5.2,69.89999999999999
Claude Opus 4.5,70.19999999999999
